STOCK,TICKER
20MICRONS,20MICRONS.NS
21STCENMGM,21STCENMGM.NS
360ONE,360ONE.NS
3IINFOLTD,3IINFOLTD.NS
3MINDIA,3MINDIA.NS
3PLAND,3PLAND.NS
5PAISA,5PAISA.NS
63MOONS,63MOONS.NS
A2ZINFRA,A2ZINFRA.NS
AAATECH,AAATECH.NS
AADHARHFC,AADHARHFC.NS
AAKASH,AAKASH.NS
AAREYDRUGS,AAREYDRUGS.NS
AARON,AARON.NS
AARTECH,AARTECH.NS
AARTIDRUGS,AARTIDRUGS.NS
AARTIIND,AARTIIND.NS
AARTIPHARM,AARTIPHARM.NS
AARTISURF,AARTISURF.NS
AARVI,AARVI.NS
AAVAS,AAVAS.NS
ABAN,ABAN.NS
ABB,ABB.NS
ABBOTINDIA,ABBOTINDIA.NS
ABCAPITAL,ABCAPITAL.NS
ABCOTS,ABCOTS.NS
ABDL,ABDL.NS
ABFRL,ABFRL.NS
ABINFRA,ABINFRA.NS
ABLBL,ABLBL.NS
ABMINTLLTD,ABMINTLLTD.NS
ABREL,ABREL.NS
ABSLAMC,ABSLAMC.NS
ACC,ACC.NS
ACCELYA,ACCELYA.NS
ACCURACY,ACCURACY.NS
ACE,ACE.NS
ACEINTEG,ACEINTEG.NS
ACI,ACI.NS
ACL,ACL.NS
ACMESOLAR,ACMESOLAR.NS
ACUTAAS,ACUTAAS.NS
ADANIENSOL,ADANIENSOL.NS
ADANIENT,ADANIENT.NS
ADANIGREEN,ADANIGREEN.NS
ADANIPORTS,ADANIPORTS.NS
ADANIPOWER,ADANIPOWER.NS
ADFFOODS,ADFFOODS.NS
ADL,ADL.NS
ADOR,ADOR.NS
ADROITINFO,ADROITINFO.NS
ADSL,ADSL.NS
ADVANCE,ADVANCE.NS
ADVANIHOTR,ADVANIHOTR.NS
ADVENTHTL,ADVENTHTL.NS
ADVENZYMES,ADVENZYMES.NS
AEGISLOG,AEGISLOG.NS
AEGISVOPAK,AEGISVOPAK.NS
AEQUS,AEQUS.NS
AEROENTER,AEROENTER.NS
AEROFLEX,AEROFLEX.NS
AERONEU,AERONEU.NS
AETHER,AETHER.NS
AFCONS,AFCONS.NS
AFFLE,AFFLE.NS
AFFORDABLE,AFFORDABLE.NS
AFIL,AFIL.NS
AFSL,AFSL.NS
AGARIND,AGARIND.NS
AGARWALEYE,AGARWALEYE.NS
AGI,AGI.NS
AGIIL,AGIIL.NS
AGRITECH,AGRITECH.NS
AGROPHOS,AGROPHOS.NS
AGSTRA,AGSTRA.NS
AHCL,AHCL.NS
AHLADA,AHLADA.NS
AHLEAST,AHLEAST.NS
AHLUCONT,AHLUCONT.NS
AIAENG,AIAENG.NS
AIIL,AIIL.NS
AIRAN,AIRAN.NS
AIROLAM,AIROLAM.NS
AJANTPHARM,AJANTPHARM.NS
AJAXENGG,AJAXENGG.NS
AJMERA,AJMERA.NS
AJOONI,AJOONI.NS
AKASH,AKASH.NS
AKG,AKG.NS
AKI,AKI.NS
AKSHAR,AKSHAR.NS
AKSHARCHEM,AKSHARCHEM.NS
AKSHOPTFBR,AKSHOPTFBR.NS
AKUMS,AKUMS.NS
AKZOINDIA,AKZOINDIA.NS
ALANKIT,ALANKIT.NS
ALBERTDAVD,ALBERTDAVD.NS
ALEMBICLTD,ALEMBICLTD.NS
ALICON,ALICON.NS
ALIVUS,ALIVUS.NS
ALKALI,ALKALI.NS
ALKEM,ALKEM.NS
ALKYLAMINE,ALKYLAMINE.NS
ALLCARGO,ALLCARGO.NS
ALLDIGI,ALLDIGI.NS
ALLTIME,ALLTIME.NS
ALMONDZ,ALMONDZ.NS
ALOKINDS,ALOKINDS.NS
ALPA,ALPA.NS
ALPHAGEO,ALPHAGEO.NS
ALPSINDUS,ALPSINDUS.NS
AMANTA,AMANTA.NS
AMBER,AMBER.NS
AMBICAAGAR,AMBICAAGAR.NS
AMBIKCO,AMBIKCO.NS
AMBUJACEM,AMBUJACEM.NS
AMDIND,AMDIND.NS
AMJLAND,AMJLAND.NS
AMNPLST,AMNPLST.NS
AMRUTANJAN,AMRUTANJAN.NS
ANANDRATHI,ANANDRATHI.NS
ANANTRAJ,ANANTRAJ.NS
ANDHRAPAP,ANDHRAPAP.NS
ANDHRSUGAR,ANDHRSUGAR.NS
ANGELONE,ANGELONE.NS
ANIKINDS,ANIKINDS.NS
ANKITMETAL,ANKITMETAL.NS
ANMOL,ANMOL.NS
ANSALAPI,ANSALAPI.NS
ANTELOPUS,ANTELOPUS.NS
ANTGRAPHIC,ANTGRAPHIC.NS
ANTHEM,ANTHEM.NS
ANUHPHR,ANUHPHR.NS
ANUP,ANUP.NS
ANURAS,ANURAS.NS
APARINDS,APARINDS.NS
APCL,APCL.NS
APCOTEXIND,APCOTEXIND.NS
APEX,APEX.NS
APLAPOLLO,APLAPOLLO.NS
APLLTD,APLLTD.NS
APOLLO,APOLLO.NS
APOLLOHOSP,APOLLOHOSP.NS
APOLLOPIPE,APOLLOPIPE.NS
APOLLOTYRE,APOLLOTYRE.NS
APOLSINHOT,APOLSINHOT.NS
APTECHT,APTECHT.NS
APTUS,APTUS.NS
ARCHIDPLY,ARCHIDPLY.NS
ARCHIES,ARCHIES.NS
ARE&M,ARE&M.NS
ARENTERP,ARENTERP.NS
ARFIN,ARFIN.NS
ARIES,ARIES.NS
ARIHANTCAP,ARIHANTCAP.NS
ARIHANTSUP,ARIHANTSUP.NS
ARISINFRA,ARISINFRA.NS
ARKADE,ARKADE.NS
ARMANFIN,ARMANFIN.NS
AROGRANITE,AROGRANITE.NS
ARROWGREEN,ARROWGREEN.NS
ARSHIYA,ARSHIYA.NS
ARSSBL,ARSSBL.NS
ARTEMISMED,ARTEMISMED.NS
ARTNIRMAN,ARTNIRMAN.NS
ARVEE,ARVEE.NS
ARVIND,ARVIND.NS
ARVINDFASN,ARVINDFASN.NS
ARVSMART,ARVSMART.NS
ASAHIINDIA,ASAHIINDIA.NS
ASAHISONG,ASAHISONG.NS
ASAL,ASAL.NS
ASALCBR,ASALCBR.NS
ASHAPURMIN,ASHAPURMIN.NS
ASHIANA,ASHIANA.NS
ASHIMASYN,ASHIMASYN.NS
ASHOKA,ASHOKA.NS
ASHOKAMET,ASHOKAMET.NS
ASHOKLEY,ASHOKLEY.NS
ASIANENE,ASIANENE.NS
ASIANHOTNR,ASIANHOTNR.NS
ASIANPAINT,ASIANPAINT.NS
ASIANTILES,ASIANTILES.NS
ASKAUTOLTD,ASKAUTOLTD.NS
ASMS,ASMS.NS
ASPINWALL,ASPINWALL.NS
ASTEC,ASTEC.NS
ASTERDM,ASTERDM.NS
ASTRAL,ASTRAL.NS
ASTRAMICRO,ASTRAMICRO.NS
ASTRAZEN,ASTRAZEN.NS
ASTRON,ASTRON.NS
ATALREAL,ATALREAL.NS
ATAM,ATAM.NS
ATGL,ATGL.NS
ATHERENERG,ATHERENERG.NS
ATL,ATL.NS
ATLANTAA,ATLANTAA.NS
ATLANTAELE,ATLANTAELE.NS
ATLASCYCLE,ATLASCYCLE.NS
ATUL,ATUL.NS
ATULAUTO,ATULAUTO.NS
AUBANK,AUBANK.NS
AURIGROW,AURIGROW.NS
AURIONPRO,AURIONPRO.NS
AUROPHARMA,AUROPHARMA.NS
AURUM,AURUM.NS
AUSOMENT,AUSOMENT.NS
AUTOAXLES,AUTOAXLES.NS
AUTOIND,AUTOIND.NS
AVADHSUGAR,AVADHSUGAR.NS
AVALON,AVALON.NS
AVANTEL,AVANTEL.NS
AVANTIFEED,AVANTIFEED.NS
AVG,AVG.NS
AVL,AVL.NS
AVONMORE,AVONMORE.NS
AVROIND,AVROIND.NS
AVTNPL,AVTNPL.NS
AWFIS,AWFIS.NS
AWHCL,AWHCL.NS
AWL,AWL.NS
AXISBANK,AXISBANK.NS
AXISCADES,AXISCADES.NS
AXITA,AXITA.NS
AYMSYNTEX,AYMSYNTEX.NS
AZAD,AZAD.NS
BAFNAPH,BAFNAPH.NS
BAGFILMS,BAGFILMS.NS
BAIDFIN,BAIDFIN.NS
BAJAJ-AUTO,BAJAJ-AUTO.NS
BAJAJCON,BAJAJCON.NS
BAJAJELEC,BAJAJELEC.NS
BAJAJFINSV,BAJAJFINSV.NS
BAJAJHCARE,BAJAJHCARE.NS
BAJAJHFL,BAJAJHFL.NS
BAJAJHIND,BAJAJHIND.NS
BAJAJHLDNG,BAJAJHLDNG.NS
BAJAJINDEF,BAJAJINDEF.NS
BAJEL,BAJEL.NS
BAJFINANCE,BAJFINANCE.NS
BALAJEE,BALAJEE.NS
BALAJITELE,BALAJITELE.NS
BALAMINES,BALAMINES.NS
BALAXI,BALAXI.NS
BALKRISHNA,BALKRISHNA.NS
BALKRISIND,BALKRISIND.NS
BALMLAWRIE,BALMLAWRIE.NS
BALPHARMA,BALPHARMA.NS
BALRAMCHIN,BALRAMCHIN.NS
BALUFORGE,BALUFORGE.NS
BANARBEADS,BANARBEADS.NS
BANARISUG,BANARISUG.NS
BANCOINDIA,BANCOINDIA.NS
BANDHANBNK,BANDHANBNK.NS
BANG,BANG.NS
BANKA,BANKA.NS
BANKBARODA,BANKBARODA.NS
BANKINDIA,BANKINDIA.NS
BANSALWIRE,BANSALWIRE.NS
BANSWRAS,BANSWRAS.NS
BASF,BASF.NS
BASML,BASML.NS
BATAINDIA,BATAINDIA.NS
BAYERCROP,BAYERCROP.NS
BBL,BBL.NS
BBOX,BBOX.NS
BBTC,BBTC.NS
BBTCL,BBTCL.NS
BCG,BCG.NS
BCLIND,BCLIND.NS
BCONCEPTS,BCONCEPTS.NS
BDL,BDL.NS
BEARDSELL,BEARDSELL.NS
BECTORFOOD,BECTORFOOD.NS
BEDMUTHA,BEDMUTHA.NS
BEL,BEL.NS
BELLACASA,BELLACASA.NS
BELRISE,BELRISE.NS
BEML,BEML.NS
BEPL,BEPL.NS
BERGEPAINT,BERGEPAINT.NS
BESTAGRO,BESTAGRO.NS
BETA,BETA.NS
BFINVEST,BFINVEST.NS
BFUTILITIE,BFUTILITIE.NS
BGRENERGY,BGRENERGY.NS
BHAGCHEM,BHAGCHEM.NS
BHAGERIA,BHAGERIA.NS
BHAGYANGR,BHAGYANGR.NS
BHANDARI,BHANDARI.NS
BHARATFORG,BHARATFORG.NS
BHARATGEAR,BHARATGEAR.NS
BHARATRAS,BHARATRAS.NS
BHARATSE,BHARATSE.NS
BHARATWIRE,BHARATWIRE.NS
BHARTIARTL,BHARTIARTL.NS
BHARTIHEXA,BHARTIHEXA.NS
BHEL,BHEL.NS
BIGBLOC,BIGBLOC.NS
BIKAJI,BIKAJI.NS
BIL,BIL.NS
BILVYAPAR,BILVYAPAR.NS
BIOCON,BIOCON.NS
BIOFILCHEM,BIOFILCHEM.NS
BIRLACABLE,BIRLACABLE.NS
BIRLACORPN,BIRLACORPN.NS
BIRLAMONEY,BIRLAMONEY.NS
BIRLANU,BIRLANU.NS
BLACKBUCK,BLACKBUCK.NS
BLAL,BLAL.NS
BLBLIMITED,BLBLIMITED.NS
BLISSGVS,BLISSGVS.NS
BLKASHYAP,BLKASHYAP.NS
BLS,BLS.NS
BLSE,BLSE.NS
BLUECOAST,BLUECOAST.NS
BLUEDART,BLUEDART.NS
BLUEJET,BLUEJET.NS
BLUESTARCO,BLUESTARCO.NS
BLUESTONE,BLUESTONE.NS
BLUSPRING,BLUSPRING.NS
BMWVENTLTD,BMWVENTLTD.NS
BODALCHEM,BODALCHEM.NS
BOHRAIND,BOHRAIND.NS
BOMDYEING,BOMDYEING.NS
BORANA,BORANA.NS
BOROLTD,BOROLTD.NS
BORORENEW,BORORENEW.NS
BOROSCI,BOROSCI.NS
BOSCHLTD,BOSCHLTD.NS
BPCL,BPCL.NS
BPL,BPL.NS
BRIGADE,BRIGADE.NS
BRIGHOTEL,BRIGHOTEL.NS
BRITANNIA,BRITANNIA.NS
BRNL,BRNL.NS
BROOKS,BROOKS.NS
BSE,BSE.NS
BSHSL,BSHSL.NS
BSL,BSL.NS
BSOFT,BSOFT.NS
BTML,BTML.NS
BUTTERFLY,BUTTERFLY.NS
BVCL,BVCL.NS
BYKE,BYKE.NS
CALSOFT,CALSOFT.NS
CAMLINFINE,CAMLINFINE.NS
CAMPUS,CAMPUS.NS
CAMS,CAMS.NS
CANBK,CANBK.NS
CANFINHOME,CANFINHOME.NS
CANHLIFE,CANHLIFE.NS
CANTABIL,CANTABIL.NS
CAPACITE,CAPACITE.NS
CAPILLARY,CAPILLARY.NS
CAPITALSFB,CAPITALSFB.NS
CAPLIPOINT,CAPLIPOINT.NS
CAPTRUST,CAPTRUST.NS
CARBORUNIV,CARBORUNIV.NS
CARERATING,CARERATING.NS
CARRARO,CARRARO.NS
CARTRADE,CARTRADE.NS
CARYSIL,CARYSIL.NS
CASTROLIND,CASTROLIND.NS
CCCL,CCCL.NS
CCHHL,CCHHL.NS
CCL,CCL.NS
CDSL,CDSL.NS
CEATLTD,CEATLTD.NS
CEIGALL,CEIGALL.NS
CELEBRITY,CELEBRITY.NS
CELLO,CELLO.NS
CEMPRO,CEMPRO.NS
CENTENKA,CENTENKA.NS
CENTEXT,CENTEXT.NS
CENTRALBK,CENTRALBK.NS
CENTRUM,CENTRUM.NS
CENTUM,CENTUM.NS
CENTURYPLY,CENTURYPLY.NS
CERA,CERA.NS
CEREBRAINT,CEREBRAINT.NS
CESC,CESC.NS
CEWATER,CEWATER.NS
CGCL,CGCL.NS
CGPOWER,CGPOWER.NS
CHALET,CHALET.NS
CHAMBLFERT,CHAMBLFERT.NS
CHEMBOND,CHEMBOND.NS
CHEMBONDCH,CHEMBONDCH.NS
CHEMCON,CHEMCON.NS
CHEMFAB,CHEMFAB.NS
CHEMPLASTS,CHEMPLASTS.NS
CHENNPETRO,CHENNPETRO.NS
CHEVIOT,CHEVIOT.NS
CHOICEIN,CHOICEIN.NS
CHOLAFIN,CHOLAFIN.NS
CHOLAHLDNG,CHOLAHLDNG.NS
CIEINDIA,CIEINDIA.NS
CIFL,CIFL.NS
CIGNITITEC,CIGNITITEC.NS
CINELINE,CINELINE.NS
CINEVISTA,CINEVISTA.NS
CIPLA,CIPLA.NS
CLEAN,CLEAN.NS
CLEDUCATE,CLEDUCATE.NS
CLSEL,CLSEL.NS
CMSINFO,CMSINFO.NS
CNL,CNL.NS
COALINDIA,COALINDIA.NS
COASTCORP,COASTCORP.NS
COCHINSHIP,COCHINSHIP.NS
COFFEEDAY,COFFEEDAY.NS
COFORGE,COFORGE.NS
COHANCE,COHANCE.NS
COLPAL,COLPAL.NS
COMPINFO,COMPINFO.NS
COMPUSOFT,COMPUSOFT.NS
COMSYN,COMSYN.NS
CONCOR,CONCOR.NS
CONCORDBIO,CONCORDBIO.NS
CONFIPET,CONFIPET.NS
CONSOFINVT,CONSOFINVT.NS
CONTROLPR,CONTROLPR.NS
CORALFINAC,CORALFINAC.NS
CORDSCABLE,CORDSCABLE.NS
COROMANDEL,COROMANDEL.NS
CORONA,CORONA.NS
COSMOFIRST,COSMOFIRST.NS
COUNCODOS,COUNCODOS.NS
CPCAP,CPCAP.NS
CPEDU,CPEDU.NS
CPPLUS,CPPLUS.NS
CRAFTSMAN,CRAFTSMAN.NS
CRAMC,CRAMC.NS
CREATIVEYE,CREATIVEYE.NS
CREDITACC,CREDITACC.NS
CREST,CREST.NS
CRISIL,CRISIL.NS
CRIZAC,CRIZAC.NS
CROMPTON,CROMPTON.NS
CROWN,CROWN.NS
CSBBANK,CSBBANK.NS
CSLFINANCE,CSLFINANCE.NS
CTE,CTE.NS
CUB,CUB.NS
CUBEXTUB,CUBEXTUB.NS
CUMMINSIND,CUMMINSIND.NS
CUPID,CUPID.NS
CURAA,CURAA.NS
CYBERMEDIA,CYBERMEDIA.NS
CYBERTECH,CYBERTECH.NS
CYIENT,CYIENT.NS
CYIENTDLM,CYIENTDLM.NS
DABUR,DABUR.NS
DALBHARAT,DALBHARAT.NS
DALMIASUG,DALMIASUG.NS
DAMCAPITAL,DAMCAPITAL.NS
DAMODARIND,DAMODARIND.NS
DANGEE,DANGEE.NS
DATAMATICS,DATAMATICS.NS
DATAPATTNS,DATAPATTNS.NS
DAVANGERE,DAVANGERE.NS
DBCORP,DBCORP.NS
DBEIL,DBEIL.NS
DBL,DBL.NS
DBOL,DBOL.NS
DBREALTY,DBREALTY.NS
DBSTOCKBRO,DBSTOCKBRO.NS
DCAL,DCAL.NS
DCBBANK,DCBBANK.NS
DCI,DCI.NS
DCM,DCM.NS
DCMFINSERV,DCMFINSERV.NS
DCMNVL,DCMNVL.NS
DCMSHRIRAM,DCMSHRIRAM.NS
DCMSRIND,DCMSRIND.NS
DCW,DCW.NS
DCXINDIA,DCXINDIA.NS
DDEVPLSTIK,DDEVPLSTIK.NS
DECCANCE,DECCANCE.NS
DEEDEV,DEEDEV.NS
DEEPAKFERT,DEEPAKFERT.NS
DEEPAKNTR,DEEPAKNTR.NS
DEEPINDS,DEEPINDS.NS
DELHIVERY,DELHIVERY.NS
DELPHIFX,DELPHIFX.NS
DELTACORP,DELTACORP.NS
DELTAMAGNT,DELTAMAGNT.NS
DEN,DEN.NS
DENORA,DENORA.NS
DENTA,DENTA.NS
DEVIT,DEVIT.NS
DEVX,DEVX.NS
DEVYANI,DEVYANI.NS
DGCONTENT,DGCONTENT.NS
DHAMPURSUG,DHAMPURSUG.NS
DHANBANK,DHANBANK.NS
DHANUKA,DHANUKA.NS
DHARAN,DHARAN.NS
DHARMAJ,DHARMAJ.NS
DHRUV,DHRUV.NS
DHUNINV,DHUNINV.NS
DIACABS,DIACABS.NS
DIAMINESQ,DIAMINESQ.NS
DIAMONDYD,DIAMONDYD.NS
DICIND,DICIND.NS
DIFFNKG,DIFFNKG.NS
DIGIDRIVE,DIGIDRIVE.NS
DIGISPICE,DIGISPICE.NS
DIGITIDE,DIGITIDE.NS
DIGJAMLMTD,DIGJAMLMTD.NS
DIL,DIL.NS
DISHTV,DISHTV.NS
DIVGIITTS,DIVGIITTS.NS
DIVISLAB,DIVISLAB.NS
DIXON,DIXON.NS
DJML,DJML.NS
DLF,DLF.NS
DLINKINDIA,DLINKINDIA.NS
DMART,DMART.NS
DMCC,DMCC.NS
DNAMEDIA,DNAMEDIA.NS
DODLA,DODLA.NS
DOLATALGO,DOLATALGO.NS
DOLLAR,DOLLAR.NS
DOLPHIN,DOLPHIN.NS
DOMS,DOMS.NS
DONEAR,DONEAR.NS
DPABHUSHAN,DPABHUSHAN.NS
DPSCLTD,DPSCLTD.NS
DPWIRES,DPWIRES.NS
DRCSYSTEMS,DRCSYSTEMS.NS
DREAMFOLKS,DREAMFOLKS.NS
DREDGECORP,DREDGECORP.NS
DRREDDY,DRREDDY.NS
DSSL,DSSL.NS
DTIL,DTIL.NS
DUCON,DUCON.NS
DVL,DVL.NS
DWARKESH,DWARKESH.NS
DYCL,DYCL.NS
DYNAMATECH,DYNAMATECH.NS
DYNPRO,DYNPRO.NS
E2E,E2E.NS
EASEMYTRIP,EASEMYTRIP.NS
EBGNG,EBGNG.NS
ECLERX,ECLERX.NS
ECOSMOBLTY,ECOSMOBLTY.NS
EDELWEISS,EDELWEISS.NS
EFCIL,EFCIL.NS
EICHERMOT,EICHERMOT.NS
EIDPARRY,EIDPARRY.NS
EIEL,EIEL.NS
EIFFL,EIFFL.NS
EIHAHOTELS,EIHAHOTELS.NS
EIHOTEL,EIHOTEL.NS
EIMCOELECO,EIMCOELECO.NS
EKC,EKC.NS
ELDEHSG,ELDEHSG.NS
ELECON,ELECON.NS
ELECTCAST,ELECTCAST.NS
ELECTHERM,ELECTHERM.NS
ELGIEQUIP,ELGIEQUIP.NS
ELGIRUBCO,ELGIRUBCO.NS
ELIN,ELIN.NS
ELLEN,ELLEN.NS
EMAMILTD,EMAMILTD.NS
EMAMIPAP,EMAMIPAP.NS
EMAMIREAL,EMAMIREAL.NS
EMBDL,EMBDL.NS
EMCURE,EMCURE.NS
EMIL,EMIL.NS
EMKAY,EMKAY.NS
EMMBI,EMMBI.NS
EMMVEE,EMMVEE.NS
EMSLIMITED,EMSLIMITED.NS
EMUDHRA,EMUDHRA.NS
ENDURANCE,ENDURANCE.NS
ENERGYDEV,ENERGYDEV.NS
ENGINERSIN,ENGINERSIN.NS
ENIL,ENIL.NS
ENRIN,ENRIN.NS
ENTERO,ENTERO.NS
EPACK,EPACK.NS
EPACKPEB,EPACKPEB.NS
EPIGRAL,EPIGRAL.NS
EPL,EPL.NS
EQUIPPP,EQUIPPP.NS
EQUITASBNK,EQUITASBNK.NS
ERIS,ERIS.NS
ESABINDIA,ESABINDIA.NS
ESAFSFB,ESAFSFB.NS
ESCORTS,ESCORTS.NS
ESSARSHPNG,ESSARSHPNG.NS
ESSENTIA,ESSENTIA.NS
ESTER,ESTER.NS
ETERNAL,ETERNAL.NS
ETHOSLTD,ETHOSLTD.NS
EUREKAFORB,EUREKAFORB.NS
EUROBOND,EUROBOND.NS
EUROPRATIK,EUROPRATIK.NS
EUROTEXIND,EUROTEXIND.NS
EVEREADY,EVEREADY.NS
EVERESTIND,EVERESTIND.NS
EXCEL,EXCEL.NS
EXCELINDUS,EXCELINDUS.NS
EXCELSOFT,EXCELSOFT.NS
EXICOM,EXICOM.NS
EXIDEIND,EXIDEIND.NS
EXPLEOSOL,EXPLEOSOL.NS
EXXARO,EXXARO.NS
FABTECH,FABTECH.NS
FACT,FACT.NS
FAIRCHEMOR,FAIRCHEMOR.NS
FAZE3Q,FAZE3Q.NS
FCL,FCL.NS
FCSSOFT,FCSSOFT.NS
FDC,FDC.NS
FEDERALBNK,FEDERALBNK.NS
FEDFINA,FEDFINA.NS
FEL,FEL.NS
FELDVR,FELDVR.NS
FIBERWEB,FIBERWEB.NS
FIEMIND,FIEMIND.NS
FILATEX,FILATEX.NS
FILATFASH,FILATFASH.NS
FINCABLES,FINCABLES.NS
FINEORG,FINEORG.NS
FINKURVE,FINKURVE.NS
FINOPB,FINOPB.NS
FINPIPE,FINPIPE.NS
FIRSTCRY,FIRSTCRY.NS
FISCHER,FISCHER.NS
FIVESTAR,FIVESTAR.NS
FLAIR,FLAIR.NS
FLEXITUFF,FLEXITUFF.NS
FLFL,FLFL.NS
FLUOROCHEM,FLUOROCHEM.NS
FMGOETZE,FMGOETZE.NS
FMNL,FMNL.NS
FOCUS,FOCUS.NS
FOODSIN,FOODSIN.NS
FORCEMOT,FORCEMOT.NS
FORTIS,FORTIS.NS
FOSECOIND,FOSECOIND.NS
FSL,FSL.NS
FUSION,FUSION.NS
GABRIEL,GABRIEL.NS
GAEL,GAEL.NS
GAIL,GAIL.NS
GALAPREC,GALAPREC.NS
GALAXYSURF,GALAXYSURF.NS
GALLANTT,GALLANTT.NS
GANDHAR,GANDHAR.NS
GANDHITUBE,GANDHITUBE.NS
GANECOS,GANECOS.NS
GANESHBE,GANESHBE.NS
GANESHCP,GANESHCP.NS
GANESHHOU,GANESHHOU.NS
GANGAFORGE,GANGAFORGE.NS
GANGESSECU,GANGESSECU.NS
GARFIBRES,GARFIBRES.NS
GARUDA,GARUDA.NS
GATECH,GATECH.NS
GATECHDVR,GATECHDVR.NS
GATEWAY,GATEWAY.NS
GAYAHWS,GAYAHWS.NS
GCSL,GCSL.NS
GEECEE,GEECEE.NS
GEEKAYWIRE,GEEKAYWIRE.NS
GEMAROMA,GEMAROMA.NS
GENCON,GENCON.NS
GENESYS,GENESYS.NS
GENSOL,GENSOL.NS
GENUSPAPER,GENUSPAPER.NS
GENUSPOWER,GENUSPOWER.NS
GEOJITFSL,GEOJITFSL.NS
GESHIP,GESHIP.NS
GFLLIMITED,GFLLIMITED.NS
GHCL,GHCL.NS
GHCLTEXTIL,GHCLTEXTIL.NS
GICHSGFIN,GICHSGFIN.NS
GICRE,GICRE.NS
GILLANDERS,GILLANDERS.NS
GILLETTE,GILLETTE.NS
GINNIFILA,GINNIFILA.NS
GIPCL,GIPCL.NS
GKENERGY,GKENERGY.NS
GKWLIMITED,GKWLIMITED.NS
GLAND,GLAND.NS
GLAXO,GLAXO.NS
GLENMARK,GLENMARK.NS
GLOBAL,GLOBAL.NS
GLOBALE,GLOBALE.NS
GLOBALVECT,GLOBALVECT.NS
GLOBE,GLOBE.NS
GLOBECIVIL,GLOBECIVIL.NS
GLOBUSSPR,GLOBUSSPR.NS
GLOSTERLTD,GLOSTERLTD.NS
GLOTTIS,GLOTTIS.NS
GMBREW,GMBREW.NS
GMDCLTD,GMDCLTD.NS
GMMPFAUDLR,GMMPFAUDLR.NS
GMRAIRPORT,GMRAIRPORT.NS
GMRP&UI,GMRP&UI.NS
GNA,GNA.NS
GNFC,GNFC.NS
GOACARBON,GOACARBON.NS
GOCLCORP,GOCLCORP.NS
GOCOLORS,GOCOLORS.NS
GODAVARIB,GODAVARIB.NS
GODFRYPHLP,GODFRYPHLP.NS
GODIGIT,GODIGIT.NS
GODREJAGRO,GODREJAGRO.NS
GODREJCP,GODREJCP.NS
GODREJIND,GODREJIND.NS
GODREJPROP,GODREJPROP.NS
GOKEX,GOKEX.NS
GOKUL,GOKUL.NS
GOKULAGRO,GOKULAGRO.NS
GOLDENTOBC,GOLDENTOBC.NS
GOLDIAM,GOLDIAM.NS
GOLDTECH,GOLDTECH.NS
GOODLUCK,GOODLUCK.NS
GOPAL,GOPAL.NS
GOYALALUM,GOYALALUM.NS
GPIL,GPIL.NS
GPPL,GPPL.NS
GPTHEALTH,GPTHEALTH.NS
GPTINFRA,GPTINFRA.NS
GRANULES,GRANULES.NS
GRAPHITE,GRAPHITE.NS
GRASIM,GRASIM.NS
GRAVITA,GRAVITA.NS
GREAVESCOT,GREAVESCOT.NS
GREENLAM,GREENLAM.NS
GREENPANEL,GREENPANEL.NS
GREENPLY,GREENPLY.NS
GREENPOWER,GREENPOWER.NS
GRINDWELL,GRINDWELL.NS
GRINFRA,GRINFRA.NS
GRMOVER,GRMOVER.NS
GROBTEA,GROBTEA.NS
GROWW,GROWW.NS
GRPLTD,GRPLTD.NS
GRSE,GRSE.NS
GRWRHITECH,GRWRHITECH.NS
GSFC,GSFC.NS
GSLSU,GSLSU.NS
GSPL,GSPL.NS
GSS,GSS.NS
GTECJAINX,GTECJAINX.NS
GTL,GTL.NS
GTLINFRA,GTLINFRA.NS
GTPL,GTPL.NS
GUFICBIO,GUFICBIO.NS
GUJALKALI,GUJALKALI.NS
GUJAPOLLO,GUJAPOLLO.NS
GUJGASLTD,GUJGASLTD.NS
GUJRAFFIA,GUJRAFFIA.NS
GUJTHEM,GUJTHEM.NS
GULFOILLUB,GULFOILLUB.NS
GULFPETRO,GULFPETRO.NS
GULPOLY,GULPOLY.NS
GVKPIL,GVKPIL.NS
GVPIL,GVPIL.NS
GVPTECH,GVPTECH.NS
GVT&D,GVT&D.NS
HAL,HAL.NS
HALEOSLABS,HALEOSLABS.NS
HAPPSTMNDS,HAPPSTMNDS.NS
HAPPYFORGE,HAPPYFORGE.NS
HARDWYN,HARDWYN.NS
HARIOMPIPE,HARIOMPIPE.NS
HARRMALAYA,HARRMALAYA.NS
HARSHA,HARSHA.NS
HATHWAY,HATHWAY.NS
HATSUN,HATSUN.NS
HAVELLS,HAVELLS.NS
HAVISHA,HAVISHA.NS
HBLENGINE,HBLENGINE.NS
HBSL,HBSL.NS
HCC,HCC.NS
HCG,HCG.NS
HCL-INSYS,HCL-INSYS.NS
HCLTECH,HCLTECH.NS
HDBFS,HDBFS.NS
HDFCAMC,HDFCAMC.NS
HDFCBANK,HDFCBANK.NS
HDFCLIFE,HDFCLIFE.NS
HDIL,HDIL.NS
HEADSUP,HEADSUP.NS
HECPROJECT,HECPROJECT.NS
HEG,HEG.NS
HEIDELBERG,HEIDELBERG.NS
HEMIPROP,HEMIPROP.NS
HERANBA,HERANBA.NS
HERCULES,HERCULES.NS
HERITGFOOD,HERITGFOOD.NS
HEROMOTOCO,HEROMOTOCO.NS
HESTERBIO,HESTERBIO.NS
HEUBACHIND,HEUBACHIND.NS
HEXATRADEX,HEXATRADEX.NS
HEXT,HEXT.NS
HFCL,HFCL.NS
HGINFRA,HGINFRA.NS
HGM,HGM.NS
HGS,HGS.NS
HIKAL,HIKAL.NS
HILINFRA,HILINFRA.NS
HILTON,HILTON.NS
HIMATSEIDE,HIMATSEIDE.NS
HINDALCO,HINDALCO.NS
HINDCOMPOS,HINDCOMPOS.NS
HINDCON,HINDCON.NS
HINDCOPPER,HINDCOPPER.NS
HINDOILEXP,HINDOILEXP.NS
HINDPETRO,HINDPETRO.NS
HINDUNILVR,HINDUNILVR.NS
HINDWAREAP,HINDWAREAP.NS
HINDZINC,HINDZINC.NS
HIRECT,HIRECT.NS
HISARMETAL,HISARMETAL.NS
HITECH,HITECH.NS
HITECHCORP,HITECHCORP.NS
HITECHGEAR,HITECHGEAR.NS
HLEGLAS,HLEGLAS.NS
HLVLTD,HLVLTD.NS
HMAAGRO,HMAAGRO.NS
HMT,HMT.NS
HMVL,HMVL.NS
HNDFDS,HNDFDS.NS
HOMEFIRST,HOMEFIRST.NS
HONASA,HONASA.NS
HONAUT,HONAUT.NS
HONDAPOWER,HONDAPOWER.NS
HPAL,HPAL.NS
HPIL,HPIL.NS
HPL,HPL.NS
HSCL,HSCL.NS
HTMEDIA,HTMEDIA.NS
HUBTOWN,HUBTOWN.NS
HUDCO,HUDCO.NS
HUHTAMAKI,HUHTAMAKI.NS
HYBRIDFIN,HYBRIDFIN.NS
HYUNDAI,HYUNDAI.NS
IBULLSLTD,IBULLSLTD.NS
ICDSLTD,ICDSLTD.NS
ICEMAKE,ICEMAKE.NS
ICICIAMC,ICICIAMC.NS
ICICIBANK,ICICIBANK.NS
ICICIGI,ICICIGI.NS
ICICIPRULI,ICICIPRULI.NS
ICIL,ICIL.NS
ICRA,ICRA.NS
IDBI,IDBI.NS
IDEA,IDEA.NS
IDEAFORGE,IDEAFORGE.NS
IDFCFIRSTB,IDFCFIRSTB.NS
IEX,IEX.NS
IFBAGRO,IFBAGRO.NS
IFBIND,IFBIND.NS
IFCI,IFCI.NS
IFGLEXPOR,IFGLEXPOR.NS
IGARASHI,IGARASHI.NS
IGCL,IGCL.NS
IGIL,IGIL.NS
IGL,IGL.NS
IGPL,IGPL.NS
IIFL,IIFL.NS
IIFLCAPS,IIFLCAPS.NS
IITL,IITL.NS
IKIO,IKIO.NS
IKS,IKS.NS
IL&FSENGG,IL&FSENGG.NS
IL&FSTRANS,IL&FSTRANS.NS
IMAGICAA,IMAGICAA.NS
IMFA,IMFA.NS
IMPAL,IMPAL.NS
IMPEXFERRO,IMPEXFERRO.NS
INCREDIBLE,INCREDIBLE.NS
INDBANK,INDBANK.NS
INDGN,INDGN.NS
INDHOTEL,INDHOTEL.NS
INDIACEM,INDIACEM.NS
INDIAGLYCO,INDIAGLYCO.NS
INDIAMART,INDIAMART.NS
INDIANB,INDIANB.NS
INDIANCARD,INDIANCARD.NS
INDIANHUME,INDIANHUME.NS
INDIASHLTR,INDIASHLTR.NS
INDIGO,INDIGO.NS
INDIGOPNTS,INDIGOPNTS.NS
INDIQUBE,INDIQUBE.NS
INDNIPPON,INDNIPPON.NS
INDOAMIN,INDOAMIN.NS
INDOBORAX,INDOBORAX.NS
INDOCO,INDOCO.NS
INDOFARM,INDOFARM.NS
INDORAMA,INDORAMA.NS
INDOSTAR,INDOSTAR.NS
INDOTECH,INDOTECH.NS
INDOTHAI,INDOTHAI.NS
INDOUS,INDOUS.NS
INDOWIND,INDOWIND.NS
INDRAMEDCO,INDRAMEDCO.NS
INDSWFTLAB,INDSWFTLAB.NS
INDTERRAIN,INDTERRAIN.NS
INDUSINDBK,INDUSINDBK.NS
INDUSTOWER,INDUSTOWER.NS
INFIBEAM,INFIBEAM.NS
INFOBEAN,INFOBEAN.NS
INFOMEDIA,INFOMEDIA.NS
INFY,INFY.NS
INGERRAND,INGERRAND.NS
INNOVACAP,INNOVACAP.NS
INNOVANA,INNOVANA.NS
INOXGREEN,INOXGREEN.NS
INOXINDIA,INOXINDIA.NS
INOXWIND,INOXWIND.NS
INSECTICID,INSECTICID.NS
INSPIRISYS,INSPIRISYS.NS
INTELLECT,INTELLECT.NS
INTENTECH,INTENTECH.NS
INTERARCH,INTERARCH.NS
INTLCONV,INTLCONV.NS
INVENTURE,INVENTURE.NS
IOB,IOB.NS
IOC,IOC.NS
IOLCP,IOLCP.NS
IONEXCHANG,IONEXCHANG.NS
IPCALAB,IPCALAB.NS
IPL,IPL.NS
IRB,IRB.NS
IRCON,IRCON.NS
IRCTC,IRCTC.NS
IREDA,IREDA.NS
IRFC,IRFC.NS
IRIS,IRIS.NS
IRISDOREME,IRISDOREME.NS
IRMENERGY,IRMENERGY.NS
ISFT,ISFT.NS
ISGEC,ISGEC.NS
ISHANCH,ISHANCH.NS
ITC,ITC.NS
ITCHOTELS,ITCHOTELS.NS
ITDC,ITDC.NS
ITI,ITI.NS
IVALUE,IVALUE.NS
IVC,IVC.NS
IVP,IVP.NS
IXIGO,IXIGO.NS
IZMO,IZMO.NS
J&KBANK,J&KBANK.NS
JAGRAN,JAGRAN.NS
JAGSNPHARM,JAGSNPHARM.NS
JAIBALAJI,JAIBALAJI.NS
JAICORPLTD,JAICORPLTD.NS
JAINREC,JAINREC.NS
JAIPURKURT,JAIPURKURT.NS
JAMNAAUTO,JAMNAAUTO.NS
JARO,JARO.NS
JASH,JASH.NS
JAYAGROGN,JAYAGROGN.NS
JAYBARMARU,JAYBARMARU.NS
JAYKAY,JAYKAY.NS
JAYNECOIND,JAYNECOIND.NS
JAYSREETEA,JAYSREETEA.NS
JBCHEPHARM,JBCHEPHARM.NS
JBMA,JBMA.NS
JCHAC,JCHAC.NS
JETFREIGHT,JETFREIGHT.NS
JGCHEM,JGCHEM.NS
JHS,JHS.NS
JINDALPHOT,JINDALPHOT.NS
JINDALPOLY,JINDALPOLY.NS
JINDALSAW,JINDALSAW.NS
JINDALSTEL,JINDALSTEL.NS
JINDRILL,JINDRILL.NS
JINDWORLD,JINDWORLD.NS
JIOFIN,JIOFIN.NS
JISLDVREQS,JISLDVREQS.NS
JISLJALEQS,JISLJALEQS.NS
JITFINFRA,JITFINFRA.NS
JKCEMENT,JKCEMENT.NS
JKIL,JKIL.NS
JKIPL,JKIPL.NS
JKLAKSHMI,JKLAKSHMI.NS
JKPAPER,JKPAPER.NS
JKTYRE,JKTYRE.NS
JLHL,JLHL.NS
JMA,JMA.NS
JMFINANCIL,JMFINANCIL.NS
JNKINDIA,JNKINDIA.NS
JOCIL,JOCIL.NS
JPOLYINVST,JPOLYINVST.NS
JPPOWER,JPPOWER.NS
JSFB,JSFB.NS
JSL,JSL.NS
JSLL,JSLL.NS
JSWCEMENT,JSWCEMENT.NS
JSWENERGY,JSWENERGY.NS
JSWHL,JSWHL.NS
JSWINFRA,JSWINFRA.NS
JSWSTEEL,JSWSTEEL.NS
JTEKTINDIA,JTEKTINDIA.NS
JTLIND,JTLIND.NS
JUBLCPL,JUBLCPL.NS
JUBLFOOD,JUBLFOOD.NS
JUBLINGREA,JUBLINGREA.NS
JUBLPHARMA,JUBLPHARMA.NS
JUNIPER,JUNIPER.NS
JUSTDIAL,JUSTDIAL.NS
JWL,JWL.NS
JYOTHYLAB,JYOTHYLAB.NS
JYOTICNC,JYOTICNC.NS
JYOTISTRUC,JYOTISTRUC.NS
KABRAEXTRU,KABRAEXTRU.NS
KAJARIACER,KAJARIACER.NS
KAKATCEM,KAKATCEM.NS
KALAMANDIR,KALAMANDIR.NS
KALPATARU,KALPATARU.NS
KALYANI,KALYANI.NS
KALYANIFRG,KALYANIFRG.NS
KALYANKJIL,KALYANKJIL.NS
KAMATHOTEL,KAMATHOTEL.NS
KAMDHENU,KAMDHENU.NS
KAMOPAINTS,KAMOPAINTS.NS
KANANIIND,KANANIIND.NS
KANORICHEM,KANORICHEM.NS
KANPRPLA,KANPRPLA.NS
KANSAINER,KANSAINER.NS
KAPSTON,KAPSTON.NS
KARMAENG,KARMAENG.NS
KARURVYSYA,KARURVYSYA.NS
KAUSHALYA,KAUSHALYA.NS
KAVDEFENCE,KAVDEFENCE.NS
KAYA,KAYA.NS
KAYNES,KAYNES.NS
KCP,KCP.NS
KCPSUGIND,KCPSUGIND.NS
KDDL,KDDL.NS
KEC,KEC.NS
KECL,KECL.NS
KEEPLEARN,KEEPLEARN.NS
KEI,KEI.NS
KELLTONTEC,KELLTONTEC.NS
KERNEX,KERNEX.NS
KESORAMIND,KESORAMIND.NS
KEYFINSERV,KEYFINSERV.NS
KFINTECH,KFINTECH.NS
KHADIM,KHADIM.NS
KHAICHEM,KHAICHEM.NS
KHAITANLTD,KHAITANLTD.NS
KHANDSE,KHANDSE.NS
KICL,KICL.NS
KILITCH,KILITCH.NS
KIMS,KIMS.NS
KINGFA,KINGFA.NS
KIOCL,KIOCL.NS
KIRIINDUS,KIRIINDUS.NS
KIRLOSBROS,KIRLOSBROS.NS
KIRLOSENG,KIRLOSENG.NS
KIRLOSIND,KIRLOSIND.NS
KIRLPNU,KIRLPNU.NS
KITEX,KITEX.NS
KKCL,KKCL.NS
KMEW,KMEW.NS
KMSUGAR,KMSUGAR.NS
KNAGRI,KNAGRI.NS
KNRCON,KNRCON.NS
KOHINOOR,KOHINOOR.NS
KOKUYOCMLN,KOKUYOCMLN.NS
KOLTEPATIL,KOLTEPATIL.NS
KOPRAN,KOPRAN.NS
KOTAKBANK,KOTAKBANK.NS
KOTARISUG,KOTARISUG.NS
KOTHARIPET,KOTHARIPET.NS
KOTHARIPRO,KOTHARIPRO.NS
KPEL,KPEL.NS
KPIGREEN,KPIGREEN.NS
KPIL,KPIL.NS
KPITTECH,KPITTECH.NS
KPRMILL,KPRMILL.NS
KRBL,KRBL.NS
KREBSBIO,KREBSBIO.NS
KRIDHANINF,KRIDHANINF.NS
KRISHANA,KRISHANA.NS
KRISHIVAL,KRISHIVAL.NS
KRITI,KRITI.NS
KRITIKA,KRITIKA.NS
KRITINUT,KRITINUT.NS
KRN,KRN.NS
KRONOX,KRONOX.NS
KROSS,KROSS.NS
KRSNAA,KRSNAA.NS
KRYSTAL,KRYSTAL.NS
KSB,KSB.NS
KSCL,KSCL.NS
KSHITIJPOL,KSHITIJPOL.NS
KSL,KSL.NS
KSOLVES,KSOLVES.NS
KSR,KSR.NS
KTKBANK,KTKBANK.NS
KUANTUM,KUANTUM.NS
LAGNAM,LAGNAM.NS
LAKPRE,LAKPRE.NS
LAL,LAL.NS
LALPATHLAB,LALPATHLAB.NS
LAMBODHARA,LAMBODHARA.NS
LANCORHOL,LANCORHOL.NS
LANDMARK,LANDMARK.NS
LAOPALA,LAOPALA.NS
LASA,LASA.NS
LATENTVIEW,LATENTVIEW.NS
LATTEYS,LATTEYS.NS
LAURUSLABS,LAURUSLABS.NS
LAXMICOT,LAXMICOT.NS
LAXMIDENTL,LAXMIDENTL.NS
LAXMIINDIA,LAXMIINDIA.NS
LCCINFOTEC,LCCINFOTEC.NS
LEMERITE,LEMERITE.NS
LEMONTREE,LEMONTREE.NS
LENSKART,LENSKART.NS
LEXUS,LEXUS.NS
LFIC,LFIC.NS
LGBBROSLTD,LGBBROSLTD.NS
LGEINDIA,LGEINDIA.NS
LGHL,LGHL.NS
LIBAS,LIBAS.NS
LIBERTSHOE,LIBERTSHOE.NS
LICHSGFIN,LICHSGFIN.NS
LICI,LICI.NS
LIKHITHA,LIKHITHA.NS
LINC,LINC.NS
LINCOLN,LINCOLN.NS
LINDEINDIA,LINDEINDIA.NS
LLOYDSENGG,LLOYDSENGG.NS
LLOYDSENT,LLOYDSENT.NS
LLOYDSME,LLOYDSME.NS
LMW,LMW.NS
LODHA,LODHA.NS
LOKESHMACH,LOKESHMACH.NS
LORDSCHLO,LORDSCHLO.NS
LOTUSDEV,LOTUSDEV.NS
LOTUSEYE,LOTUSEYE.NS
LOVABLE,LOVABLE.NS
LOYALTEX,LOYALTEX.NS
LPDC,LPDC.NS
LT,LT.NS
LTF,LTF.NS
LTFOODS,LTFOODS.NS
LTIM,LTIM.NS
LTTS,LTTS.NS
LUMAXIND,LUMAXIND.NS
LUMAXTECH,LUMAXTECH.NS
LUPIN,LUPIN.NS
LUXIND,LUXIND.NS
LXCHEM,LXCHEM.NS
LYKALABS,LYKALABS.NS
LYPSAGEMS,LYPSAGEMS.NS
M&M,M&M.NS
M&MFIN,M&MFIN.NS
MAANALU,MAANALU.NS
MACPOWER,MACPOWER.NS
MADHAV,MADHAV.NS
MADHUCON,MADHUCON.NS
MADRASFERT,MADRASFERT.NS
MAGADSUGAR,MAGADSUGAR.NS
MAGNUM,MAGNUM.NS
MAHABANK,MAHABANK.NS
MAHAPEXLTD,MAHAPEXLTD.NS
MAHASTEEL,MAHASTEEL.NS
MAHEPC,MAHEPC.NS
MAHESHWARI,MAHESHWARI.NS
MAHLIFE,MAHLIFE.NS
MAHLOG,MAHLOG.NS
MAHSCOOTER,MAHSCOOTER.NS
MAHSEAMLES,MAHSEAMLES.NS
MAITHANALL,MAITHANALL.NS
MALLCOM,MALLCOM.NS
MALUPAPER,MALUPAPER.NS
MAMATA,MAMATA.NS
MANAKALUCO,MANAKALUCO.NS
MANAKCOAT,MANAKCOAT.NS
MANAKSIA,MANAKSIA.NS
MANAKSTEEL,MANAKSTEEL.NS
MANALIPETC,MANALIPETC.NS
MANAPPURAM,MANAPPURAM.NS
MANBA,MANBA.NS
MANCREDIT,MANCREDIT.NS
MANGALAM,MANGALAM.NS
MANGLMCEM,MANGLMCEM.NS
MANINDS,MANINDS.NS
MANINFRA,MANINFRA.NS
MANKIND,MANKIND.NS
MANOMAY,MANOMAY.NS
MANORAMA,MANORAMA.NS
MANORG,MANORG.NS
MANUGRAPH,MANUGRAPH.NS
MANYAVAR,MANYAVAR.NS
MAPMYINDIA,MAPMYINDIA.NS
MARALOVER,MARALOVER.NS
MARATHON,MARATHON.NS
MARICO,MARICO.NS
MARINE,MARINE.NS
MARKOLINES,MARKOLINES.NS
MARKSANS,MARKSANS.NS
MARUTI,MARUTI.NS
MASFIN,MASFIN.NS
MASKINVEST,MASKINVEST.NS
MASTEK,MASTEK.NS
MASTERTR,MASTERTR.NS
MATRIMONY,MATRIMONY.NS
MAWANASUG,MAWANASUG.NS
MAXESTATES,MAXESTATES.NS
MAXHEALTH,MAXHEALTH.NS
MAXIND,MAXIND.NS
MAYURUNIQ,MAYURUNIQ.NS
MAZDA,MAZDA.NS
MAZDOCK,MAZDOCK.NS
MBAPL,MBAPL.NS
MBEL,MBEL.NS
MBLINFRA,MBLINFRA.NS
MCL,MCL.NS
MCLEODRUSS,MCLEODRUSS.NS
MCLOUD,MCLOUD.NS
MCX,MCX.NS
MEDANTA,MEDANTA.NS
MEDIASSIST,MEDIASSIST.NS
MEDICAMEQ,MEDICAMEQ.NS
MEDICO,MEDICO.NS
MEDPLUS,MEDPLUS.NS
MEESHO,MEESHO.NS
MEGASOFT,MEGASOFT.NS
MEGASTAR,MEGASTAR.NS
MEIL,MEIL.NS
MENONBE,MENONBE.NS
MEP,MEP.NS
METROBRAND,METROBRAND.NS
METROPOLIS,METROPOLIS.NS
MFML,MFML.NS
MFSL,MFSL.NS
MGEL,MGEL.NS
MGL,MGL.NS
MHLXMIRU,MHLXMIRU.NS
MHRIL,MHRIL.NS
MICEL,MICEL.NS
MIDHANI,MIDHANI.NS
MIDWESTLTD,MIDWESTLTD.NS
MINDACORP,MINDACORP.NS
MINDTECK,MINDTECK.NS
MIRCELECTR,MIRCELECTR.NS
MIRZAINT,MIRZAINT.NS
MITCON,MITCON.NS
MITTAL,MITTAL.NS
MKPL,MKPL.NS
MMFL,MMFL.NS
MMP,MMP.NS
MMTC,MMTC.NS
MOBIKWIK,MOBIKWIK.NS
MODINATUR,MODINATUR.NS
MODIRUBBER,MODIRUBBER.NS
MODIS,MODIS.NS
MODISONLTD,MODISONLTD.NS
MODTHREAD,MODTHREAD.NS
MOHITIND,MOHITIND.NS
MOIL,MOIL.NS
MOKSH,MOKSH.NS
MOL,MOL.NS
MOLDTECH,MOLDTECH.NS
MOLDTKPAC,MOLDTKPAC.NS
MONARCH,MONARCH.NS
MONEYBOXX,MONEYBOXX.NS
MONTECARLO,MONTECARLO.NS
MOREPENLAB,MOREPENLAB.NS
MOSCHIP,MOSCHIP.NS
MOTHERSON,MOTHERSON.NS
MOTILALOFS,MOTILALOFS.NS
MOTISONS,MOTISONS.NS
MOTOGENFIN,MOTOGENFIN.NS
MPHASIS,MPHASIS.NS
MPSLTD,MPSLTD.NS
MRF,MRF.NS
MRPL,MRPL.NS
MSPL,MSPL.NS
MSTCLTD,MSTCLTD.NS
MSUMI,MSUMI.NS
MTARTECH,MTARTECH.NS
MTEDUCARE,MTEDUCARE.NS
MTNL,MTNL.NS
MUFIN,MUFIN.NS
MUFTI,MUFTI.NS
MUKANDLTD,MUKANDLTD.NS
MUKKA,MUKKA.NS
MUKTAARTS,MUKTAARTS.NS
MUNJALAU,MUNJALAU.NS
MUNJALSHOW,MUNJALSHOW.NS
MURUDCERA,MURUDCERA.NS
MUTHOOTCAP,MUTHOOTCAP.NS
MUTHOOTFIN,MUTHOOTFIN.NS
MUTHOOTMF,MUTHOOTMF.NS
MVGJL,MVGJL.NS
MWL,MWL.NS
NACL-RE,NACL-RE.NS
NACLIND,NACLIND.NS
NAGAFERT,NAGAFERT.NS
NAGREEKCAP,NAGREEKCAP.NS
NAGREEKEXP,NAGREEKEXP.NS
NAHARCAP,NAHARCAP.NS
NAHARINDUS,NAHARINDUS.NS
NAHARPOLY,NAHARPOLY.NS
NAHARSPING,NAHARSPING.NS
NAM-INDIA,NAM-INDIA.NS
NARMADA,NARMADA.NS
NATCAPSUQ,NATCAPSUQ.NS
NATCOPHARM,NATCOPHARM.NS
NATHBIOGEN,NATHBIOGEN.NS
NATIONALUM,NATIONALUM.NS
NAUKRI,NAUKRI.NS
NAVA,NAVA.NS
NAVINFLUOR,NAVINFLUOR.NS
NAVKARCORP,NAVKARCORP.NS
NAVKARURB,NAVKARURB.NS
NAVNETEDUL,NAVNETEDUL.NS
NAZARA,NAZARA.NS
NBCC,NBCC.NS
NBIFIN,NBIFIN.NS
NCC,NCC.NS
NCLIND,NCLIND.NS
NDGL,NDGL.NS
NDL,NDL.NS
NDLVENTURE,NDLVENTURE.NS
NDRAUTO,NDRAUTO.NS
NDTV,NDTV.NS
NECCLTD,NECCLTD.NS
NECLIFE,NECLIFE.NS
NELCAST,NELCAST.NS
NELCO,NELCO.NS
NEOGEN,NEOGEN.NS
NEPHROPLUS,NEPHROPLUS.NS
NESCO,NESCO.NS
NESTLEIND,NESTLEIND.NS
NETWEB,NETWEB.NS
NETWORK18,NETWORK18.NS
NEULANDLAB,NEULANDLAB.NS
NEWGEN,NEWGEN.NS
NEXTMEDIA,NEXTMEDIA.NS
NFL,NFL.NS
NGIL,NGIL.NS
NGLFINE,NGLFINE.NS
NH,NH.NS
NHPC,NHPC.NS
NIACL,NIACL.NS
NIBE,NIBE.NS
NIBL,NIBL.NS
NIITLTD,NIITLTD.NS
NIITMTS,NIITMTS.NS
NILAINFRA,NILAINFRA.NS
NILASPACES,NILASPACES.NS
NILKAMAL,NILKAMAL.NS
NINSYS,NINSYS.NS
NIPPOBATRY,NIPPOBATRY.NS
NIRAJ,NIRAJ.NS
NIRAJISPAT,NIRAJISPAT.NS
NITCO,NITCO.NS
NITINSPIN,NITINSPIN.NS
NITIRAJ,NITIRAJ.NS
NIVABUPA,NIVABUPA.NS
NKIND,NKIND.NS
NLCINDIA,NLCINDIA.NS
NMDC,NMDC.NS
NOCIL,NOCIL.NS
NOIDATOLL,NOIDATOLL.NS
NORBTEAEXP,NORBTEAEXP.NS
NORTHARC,NORTHARC.NS
NOVAAGRI,NOVAAGRI.NS
NPST,NPST.NS
NRAIL,NRAIL.NS
NRBBEARING,NRBBEARING.NS
NRL,NRL.NS
NSIL,NSIL.NS
NSLNISP,NSLNISP.NS
NTPC,NTPC.NS
NTPCGREEN,NTPCGREEN.NS
NUCLEUS,NUCLEUS.NS
NURECA,NURECA.NS
NUVAMA,NUVAMA.NS
NUVOCO,NUVOCO.NS
NYKAA,NYKAA.NS
OAL,OAL.NS
OBCL,OBCL.NS
OBEROIRLTY,OBEROIRLTY.NS
OCCLLTD,OCCLLTD.NS
ODIGMA,ODIGMA.NS
OFSS,OFSS.NS
OIL,OIL.NS
OILCOUNTUB,OILCOUNTUB.NS
OLAELEC,OLAELEC.NS
OLECTRA,OLECTRA.NS
OMAXAUTO,OMAXAUTO.NS
OMAXE,OMAXE.NS
OMFREIGHT,OMFREIGHT.NS
OMINFRAL,OMINFRAL.NS
OMKARCHEM,OMKARCHEM.NS
ONELIFECAP,ONELIFECAP.NS
ONEPOINT,ONEPOINT.NS
ONESOURCE,ONESOURCE.NS
ONGC,ONGC.NS
ONMOBILE,ONMOBILE.NS
ONWARDTEC,ONWARDTEC.NS
OPTIEMUS,OPTIEMUS.NS
ORBTEXP,ORBTEXP.NS
ORCHASP,ORCHASP.NS
ORCHPHARMA,ORCHPHARMA.NS
ORICONENT,ORICONENT.NS
ORIENTALTL,ORIENTALTL.NS
ORIENTBELL,ORIENTBELL.NS
ORIENTCEM,ORIENTCEM.NS
ORIENTCER,ORIENTCER.NS
ORIENTELEC,ORIENTELEC.NS
ORIENTHOT,ORIENTHOT.NS
ORIENTLTD,ORIENTLTD.NS
ORIENTPPR,ORIENTPPR.NS
ORIENTTECH,ORIENTTECH.NS
ORISSAMINE,ORISSAMINE.NS
ORKLAINDIA,ORKLAINDIA.NS
ORTINGLOBE,ORTINGLOBE.NS
OSIAHYPER,OSIAHYPER.NS
OSWALAGRO,OSWALAGRO.NS
OSWALGREEN,OSWALGREEN.NS
OSWALPUMPS,OSWALPUMPS.NS
OSWALSEEDS,OSWALSEEDS.NS
PACEDIGITK,PACEDIGITK.NS
PAGEIND,PAGEIND.NS
PAISALO,PAISALO.NS
PAKKA,PAKKA.NS
PALASHSECU,PALASHSECU.NS
PALREDTEC,PALREDTEC.NS
PANACEABIO,PANACEABIO.NS
PANACHE,PANACHE.NS
PANAMAPET,PANAMAPET.NS
PANSARI,PANSARI.NS
PAR,PAR.NS
PARACABLES,PARACABLES.NS
PARADEEP,PARADEEP.NS
PARAGMILK,PARAGMILK.NS
PARAS,PARAS.NS
PARASPETRO,PARASPETRO.NS
PARKHOSPS,PARKHOSPS.NS
PARKHOTELS,PARKHOTELS.NS
PARSVNATH,PARSVNATH.NS
PASHUPATI,PASHUPATI.NS
PASUPTAC,PASUPTAC.NS
PATANJALI,PATANJALI.NS
PATELENG,PATELENG.NS
PATELRMART,PATELRMART.NS
PATINTLOG,PATINTLOG.NS
PAUSHAKLTD,PAUSHAKLTD.NS
PAVNAIND,PAVNAIND.NS
PAYTM,PAYTM.NS
PCBL,PCBL.NS
PCJEWELLER,PCJEWELLER.NS
PDMJEPAPER,PDMJEPAPER.NS
PDSL,PDSL.NS
PEARLPOLY,PEARLPOLY.NS
PENIND,PENIND.NS
PENINLAND,PENINLAND.NS
PERSISTENT,PERSISTENT.NS
PETRONET,PETRONET.NS
PFC,PFC.NS
PFIZER,PFIZER.NS
PFOCUS,PFOCUS.NS
PFS,PFS.NS
PGEL,PGEL.NS
PGHH,PGHH.NS
PGHL,PGHL.NS
PGIL,PGIL.NS
PHOENIXLTD,PHOENIXLTD.NS
PICCADIL,PICCADIL.NS
PIDILITIND,PIDILITIND.NS
PIGL,PIGL.NS
PIIND,PIIND.NS
PILANIINVS,PILANIINVS.NS
PILITA,PILITA.NS
PINELABS,PINELABS.NS
PIONEEREMB,PIONEEREMB.NS
PIRAMALFIN,PIRAMALFIN.NS
PITTIENG,PITTIENG.NS
PIXTRANS,PIXTRANS.NS
PKTEA,PKTEA.NS
PLASTIBLEN,PLASTIBLEN.NS
PLATIND,PLATIND.NS
PLAZACABLE,PLAZACABLE.NS
PNB,PNB.NS
PNBGILTS,PNBGILTS.NS
PNBHOUSING,PNBHOUSING.NS
PNC,PNC.NS
PNCINFRA,PNCINFRA.NS
PNGJL,PNGJL.NS
POCL,POCL.NS
PODDARMENT,PODDARMENT.NS
POKARNA,POKARNA.NS
POLICYBZR,POLICYBZR.NS
POLYCAB,POLYCAB.NS
POLYMED,POLYMED.NS
POLYPLEX,POLYPLEX.NS
PONNIERODE,PONNIERODE.NS
POONAWALLA,POONAWALLA.NS
POWERGRID,POWERGRID.NS
POWERINDIA,POWERINDIA.NS
POWERMECH,POWERMECH.NS
PPAP,PPAP.NS
PPL,PPL.NS
PPLPHARMA,PPLPHARMA.NS
PRABHA,PRABHA.NS
PRAENG,PRAENG.NS
PRAJIND,PRAJIND.NS
PRAKASH,PRAKASH.NS
PRAKASHSTL,PRAKASHSTL.NS
PRAXIS,PRAXIS.NS
PRECAM,PRECAM.NS
PRECOT,PRECOT.NS
PRECWIRE,PRECWIRE.NS
PREMEXPLN,PREMEXPLN.NS
PREMIER,PREMIER.NS
PREMIERENE,PREMIERENE.NS
PREMIERPOL,PREMIERPOL.NS
PRESTIGE,PRESTIGE.NS
PRICOLLTD,PRICOLLTD.NS
PRIMESECU,PRIMESECU.NS
PRIMO,PRIMO.NS
PRINCEPIPE,PRINCEPIPE.NS
PRITI,PRITI.NS
PRITIKAUTO,PRITIKAUTO.NS
PRIVISCL,PRIVISCL.NS
PROSTARM,PROSTARM.NS
PROTEAN,PROTEAN.NS
PROZONER,PROZONER.NS
PRSMJOHNSN,PRSMJOHNSN.NS
PRUDENT,PRUDENT.NS
PRUDMOULI,PRUDMOULI.NS
PSB,PSB.NS
PSPPROJECT,PSPPROJECT.NS
PTC,PTC.NS
PTCIL,PTCIL.NS
PTL,PTL.NS
PUNJABCHEM,PUNJABCHEM.NS
PURVA,PURVA.NS
PVP,PVP.NS
PVRINOX,PVRINOX.NS
PVSL,PVSL.NS
PWL,PWL.NS
PYRAMID,PYRAMID.NS
QPOWER,QPOWER.NS
QUADFUTURE,QUADFUTURE.NS
QUESS,QUESS.NS
QUICKHEAL,QUICKHEAL.NS
RACE,RACE.NS
RACLGEAR,RACLGEAR.NS
RADAAN,RADAAN.NS
RADHIKAJWE,RADHIKAJWE.NS
RADIANTCMS,RADIANTCMS.NS
RADICO,RADICO.NS
RADIOCITY,RADIOCITY.NS
RAILTEL,RAILTEL.NS
RAIN,RAIN.NS
RAINBOW,RAINBOW.NS
RAJESHEXPO,RAJESHEXPO.NS
RAJMET,RAJMET.NS
RAJOOENG,RAJOOENG.NS
RAJRATAN,RAJRATAN.NS
RAJRILTD,RAJRILTD.NS
RAJSREESUG,RAJSREESUG.NS
RAJTV,RAJTV.NS
RALLIS,RALLIS.NS
RAMANEWS,RAMANEWS.NS
RAMAPHO,RAMAPHO.NS
RAMASTEEL,RAMASTEEL.NS
RAMCOCEM,RAMCOCEM.NS
RAMCOIND,RAMCOIND.NS
RAMCOSYS,RAMCOSYS.NS
RAMKY,RAMKY.NS
RAMRAT,RAMRAT.NS
RANASUG,RANASUG.NS
RANEHOLDIN,RANEHOLDIN.NS
RATEGAIN,RATEGAIN.NS
RATNAMANI,RATNAMANI.NS
RATNAVEER,RATNAVEER.NS
RAYMOND,RAYMOND.NS
RAYMONDLSL,RAYMONDLSL.NS
RAYMONDREL,RAYMONDREL.NS
RBA,RBA.NS
RBLBANK,RBLBANK.NS
RBZJEWEL,RBZJEWEL.NS
RCF,RCF.NS
RCOM,RCOM.NS
RECLTD,RECLTD.NS
REDINGTON,REDINGTON.NS
REDTAPE,REDTAPE.NS
REFEX,REFEX.NS
REGAAL,REGAAL.NS
REGENCERAM,REGENCERAM.NS
RELAXO,RELAXO.NS
RELCHEMQ,RELCHEMQ.NS
RELIABLE,RELIABLE.NS
RELIANCE,RELIANCE.NS
RELIGARE,RELIGARE.NS
RELINFRA,RELINFRA.NS
RELTD,RELTD.NS
REMSONSIND,REMSONSIND.NS
RENUKA,RENUKA.NS
REPCOHOME,REPCOHOME.NS
REPL,REPL.NS
REPRO,REPRO.NS
RESPONIND,RESPONIND.NS
RETAIL,RETAIL.NS
RGL,RGL.NS
RHETAN,RHETAN.NS
RHFL,RHFL.NS
RHIM,RHIM.NS
RHL,RHL.NS
RICOAUTO,RICOAUTO.NS
RIIL,RIIL.NS
RISHABH,RISHABH.NS
RITCO,RITCO.NS
RITES,RITES.NS
RKDL,RKDL.NS
RKEC,RKEC.NS
RKFORGE,RKFORGE.NS
RKSWAMY,RKSWAMY.NS
RMDRIP,RMDRIP.NS
RML,RML.NS
RNBDENIMS,RNBDENIMS.NS
ROHLTD,ROHLTD.NS
ROLEXRINGS,ROLEXRINGS.NS
ROLLT,ROLLT.NS
ROML,ROML.NS
ROSSARI,ROSSARI.NS
ROSSELLIND,ROSSELLIND.NS
ROSSTECH,ROSSTECH.NS
ROTO,ROTO.NS
ROUTE,ROUTE.NS
RPEL,RPEL.NS
RPGLIFE,RPGLIFE.NS
RPOWER,RPOWER.NS
RPPINFRA,RPPINFRA.NS
RPPL,RPPL.NS
RPSGVENT,RPSGVENT.NS
RPTECH,RPTECH.NS
RRKABEL,RRKABEL.NS
RSSOFTWARE,RSSOFTWARE.NS
RSWM,RSWM.NS
RSYSTEMS,RSYSTEMS.NS
RTNINDIA,RTNINDIA.NS
RTNPOWER,RTNPOWER.NS
RUBFILA,RUBFILA.NS
RUBICON,RUBICON.NS
RUBYMILLS,RUBYMILLS.NS
RUCHINFRA,RUCHINFRA.NS
RUCHIRA,RUCHIRA.NS
RUDRA,RUDRA.NS
RUPA,RUPA.NS
RUSHIL,RUSHIL.NS
RUSTOMJEE,RUSTOMJEE.NS
RVHL,RVHL.NS
RVNL,RVNL.NS
RVTH,RVTH.NS
S&SPOWER,S&SPOWER.NS
SAATVIKGL,SAATVIKGL.NS
SABEVENTS,SABEVENTS.NS
SABTNL,SABTNL.NS
SADBHAV,SADBHAV.NS
SADBHIN,SADBHIN.NS
SADHNANIQ,SADHNANIQ.NS
SAFARI,SAFARI.NS
SAGARDEEP,SAGARDEEP.NS
SAGCEM,SAGCEM.NS
SAGILITY,SAGILITY.NS
SAHYADRI,SAHYADRI.NS
SAIL,SAIL.NS
SAILIFE,SAILIFE.NS
SAKAR,SAKAR.NS
SAKHTISUG,SAKHTISUG.NS
SAKSOFT,SAKSOFT.NS
SAKUMA,SAKUMA.NS
SALASAR,SALASAR.NS
SALONA,SALONA.NS
SALSTEEL,SALSTEEL.NS
SALZERELEC,SALZERELEC.NS
SAMBHAAV,SAMBHAAV.NS
SAMBHV,SAMBHV.NS
SAMHI,SAMHI.NS
SAMMAANCAP,SAMMAANCAP.NS
SAMPANN,SAMPANN.NS
SANATHAN,SANATHAN.NS
SANCO,SANCO.NS
SANDESH,SANDESH.NS
SANDHAR,SANDHAR.NS
SANDUMA,SANDUMA.NS
SANGAMIND,SANGAMIND.NS
SANGHIIND,SANGHIIND.NS
SANGHVIMOV,SANGHVIMOV.NS
SANGINITA,SANGINITA.NS
SANOFI,SANOFI.NS
SANOFICONR,SANOFICONR.NS
SANSERA,SANSERA.NS
SANSTAR,SANSTAR.NS
SANWARIA,SANWARIA.NS
SAPPHIRE,SAPPHIRE.NS
SARDAEN,SARDAEN.NS
SAREGAMA,SAREGAMA.NS
SARLAPOLY,SARLAPOLY.NS
SARVESHWAR,SARVESHWAR.NS
SASKEN,SASKEN.NS
SASTASUNDR,SASTASUNDR.NS
SATIA,SATIA.NS
SATIN,SATIN.NS
SAURASHCEM,SAURASHCEM.NS
SBC,SBC.NS
SBCL,SBCL.NS
SBFC,SBFC.NS
SBGLP,SBGLP.NS
SBICARD,SBICARD.NS
SBILIFE,SBILIFE.NS
SBIN,SBIN.NS
SCHAEFFLER,SCHAEFFLER.NS
SCHAND,SCHAND.NS
SCHNEIDER,SCHNEIDER.NS
SCI,SCI.NS
SCILAL,SCILAL.NS
SCODATUBES,SCODATUBES.NS
SCPL,SCPL.NS
SDBL,SDBL.NS
SEAMECLTD,SEAMECLTD.NS
SECMARK,SECMARK.NS
SECURKLOUD,SECURKLOUD.NS
SEJALLTD,SEJALLTD.NS
SELMC,SELMC.NS
SEMAC,SEMAC.NS
SENCO,SENCO.NS
SENORES,SENORES.NS
SEPC,SEPC.NS
SEQUENT,SEQUENT.NS
SERVOTECH,SERVOTECH.NS
SESHAPAPER,SESHAPAPER.NS
SETCO,SETCO.NS
SETUINFRA,SETUINFRA.NS
SFL,SFL.NS
SGFIN,SGFIN.NS
SGIL,SGIL.NS
SGL,SGL.NS
SGLTL,SGLTL.NS
SGMART,SGMART.NS
SHAH,SHAH.NS
SHAHALLOYS,SHAHALLOYS.NS
SHAILY,SHAILY.NS
SHAKTIPUMP,SHAKTIPUMP.NS
SHALBY,SHALBY.NS
SHALPAINTS,SHALPAINTS.NS
SHANKARA,SHANKARA.NS
SHANTI,SHANTI.NS
SHANTIGEAR,SHANTIGEAR.NS
SHANTIGOLD,SHANTIGOLD.NS
SHARDACROP,SHARDACROP.NS
SHARDAMOTR,SHARDAMOTR.NS
SHAREINDIA,SHAREINDIA.NS
SHEKHAWATI,SHEKHAWATI.NS
SHEMAROO,SHEMAROO.NS
SHILCTECH,SHILCTECH.NS
SHILPAMED,SHILPAMED.NS
SHIVALIK,SHIVALIK.NS
SHIVAMAUTO,SHIVAMAUTO.NS
SHIVAMILLS,SHIVAMILLS.NS
SHIVATEX,SHIVATEX.NS
SHIVAUM,SHIVAUM.NS
SHK,SHK.NS
SHOPERSTOP,SHOPERSTOP.NS
SHRADHA,SHRADHA.NS
SHREDIGCEM,SHREDIGCEM.NS
SHREECEM,SHREECEM.NS
SHREEJISPG,SHREEJISPG.NS
SHREEPUSHK,SHREEPUSHK.NS
SHREERAMA,SHREERAMA.NS
SHRENIK,SHRENIK.NS
SHREYANIND,SHREYANIND.NS
SHRINGARMS,SHRINGARMS.NS
SHRIPISTON,SHRIPISTON.NS
SHRIRAMFIN,SHRIRAMFIN.NS
SHRIRAMPPS,SHRIRAMPPS.NS
SHYAMCENT,SHYAMCENT.NS
SHYAMMETL,SHYAMMETL.NS
SHYAMTEL,SHYAMTEL.NS
SICALLOG,SICALLOG.NS
SIEMENS,SIEMENS.NS
SIGACHI,SIGACHI.NS
SIGIND,SIGIND.NS
SIGMA,SIGMA.NS
SIGNATURE,SIGNATURE.NS
SIGNPOST,SIGNPOST.NS
SIKKO,SIKKO.NS
SIL,SIL.NS
SILGO,SILGO.NS
SILINV,SILINV.NS
SILLYMONKS,SILLYMONKS.NS
SILVERTUC,SILVERTUC.NS
SIMBHALS,SIMBHALS.NS
SIMPLEXINF,SIMPLEXINF.NS
SINCLAIR,SINCLAIR.NS
SINDHUTRAD,SINDHUTRAD.NS
SINTERCOM,SINTERCOM.NS
SIRCA,SIRCA.NS
SIS,SIS.NS
SITINET,SITINET.NS
SIYSIL,SIYSIL.NS
SJS,SJS.NS
SJVN,SJVN.NS
SKFINDIA,SKFINDIA.NS
SKFINDUS,SKFINDUS.NS
SKIPPER,SKIPPER.NS
SKMEGGPROD,SKMEGGPROD.NS
SKYGOLD,SKYGOLD.NS
SMARTLINK,SMARTLINK.NS
SMARTWORKS,SMARTWORKS.NS
SMCGLOBAL,SMCGLOBAL.NS
SMLMAH,SMLMAH.NS
SMLT,SMLT.NS
SMSPHARMA,SMSPHARMA.NS
SNOWMAN,SNOWMAN.NS
SOBHA,SOBHA.NS
SOFTTECH,SOFTTECH.NS
SOLARA,SOLARA.NS
SOLARINDS,SOLARINDS.NS
SOLARWORLD,SOLARWORLD.NS
SOLEX,SOLEX.NS
SOMANYCERA,SOMANYCERA.NS
SOMATEX,SOMATEX.NS
SOMICONVEY,SOMICONVEY.NS
SONACOMS,SONACOMS.NS
SONAMLTD,SONAMLTD.NS
SONATSOFTW,SONATSOFTW.NS
SOTL,SOTL.NS
SOUTHBANK,SOUTHBANK.NS
SOUTHWEST,SOUTHWEST.NS
SPAL,SPAL.NS
SPANDANA,SPANDANA.NS
SPARC,SPARC.NS
SPCENET,SPCENET.NS
SPECIALITY,SPECIALITY.NS
SPECTRUM,SPECTRUM.NS
SPENCERS,SPENCERS.NS
SPIC,SPIC.NS
SPLIL,SPLIL.NS
SPLPETRO,SPLPETRO.NS
SPMLINFRA,SPMLINFRA.NS
SPORTKING,SPORTKING.NS
SRD,SRD.NS
SREEL,SREEL.NS
SRF,SRF.NS
SRGHFL,SRGHFL.NS
SRHHYPOLTD,SRHHYPOLTD.NS
SRM,SRM.NS
SRPL,SRPL.NS
SSDL,SSDL.NS
SSWL,SSWL.NS
STALLION,STALLION.NS
STANLEY,STANLEY.NS
STAR,STAR.NS
STARCEMENT,STARCEMENT.NS
STARHEALTH,STARHEALTH.NS
STARPAPER,STARPAPER.NS
STARTECK,STARTECK.NS
STCINDIA,STCINDIA.NS
STEELCAS,STEELCAS.NS
STEELCITY,STEELCITY.NS
STEELXIND,STEELXIND.NS
STEL,STEL.NS
STERTOOLS,STERTOOLS.NS
STLNETWORK,STLNETWORK.NS
STLTECH,STLTECH.NS
STOVEKRAFT,STOVEKRAFT.NS
STUDDS,STUDDS.NS
STYL,STYL.NS
STYLAMIND,STYLAMIND.NS
STYLEBAAZA,STYLEBAAZA.NS
STYRENIX,STYRENIX.NS
SUBEXLTD,SUBEXLTD.NS
SUBROS,SUBROS.NS
SUDARSCHEM,SUDARSCHEM.NS
SUDEEPPHRM,SUDEEPPHRM.NS
SUKHJITS,SUKHJITS.NS
SULA,SULA.NS
SUMEETINDS,SUMEETINDS.NS
SUMICHEM,SUMICHEM.NS
SUMIT,SUMIT.NS
SUMMITSEC,SUMMITSEC.NS
SUNCLAY,SUNCLAY.NS
SUNDARAM,SUNDARAM.NS
SUNDARMFIN,SUNDARMFIN.NS
SUNDRMBRAK,SUNDRMBRAK.NS
SUNDRMFAST,SUNDRMFAST.NS
SUNDROP,SUNDROP.NS
SUNFLAG,SUNFLAG.NS
SUNPHARMA,SUNPHARMA.NS
SUNTECK,SUNTECK.NS
SUNTV,SUNTV.NS
SUPERHOUSE,SUPERHOUSE.NS
SUPERSPIN,SUPERSPIN.NS
SUPRAJIT,SUPRAJIT.NS
SUPREME,SUPREME.NS
SUPREMEENG,SUPREMEENG.NS
SUPREMEIND,SUPREMEIND.NS
SUPREMEINF,SUPREMEINF.NS
SUPRIYA,SUPRIYA.NS
SURAJEST,SURAJEST.NS
SURAJLTD,SURAJLTD.NS
SURAKSHA,SURAKSHA.NS
SURANASOL,SURANASOL.NS
SURANAT&P,SURANAT&P.NS
SURYALAXMI,SURYALAXMI.NS
SURYAROSNI,SURYAROSNI.NS
SURYODAY,SURYODAY.NS
SUTLEJTEX,SUTLEJTEX.NS
SUVEN,SUVEN.NS
SUVIDHAA,SUVIDHAA.NS
SUYOG,SUYOG.NS
SUZLON,SUZLON.NS
SVLL,SVLL.NS
SVPGLOB,SVPGLOB.NS
SWANCORP,SWANCORP.NS
SWARAJENG,SWARAJENG.NS
SWELECTES,SWELECTES.NS
SWIGGY,SWIGGY.NS
SWSOLAR,SWSOLAR.NS
SYMPHONY,SYMPHONY.NS
SYNCOMF,SYNCOMF.NS
SYNGENE,SYNGENE.NS
SYRMA,SYRMA.NS
SYSTMTXC,SYSTMTXC.NS
TAINWALCHM,TAINWALCHM.NS
TAJGVK,TAJGVK.NS
TAKE,TAKE.NS
TALBROAUTO,TALBROAUTO.NS
TANLA,TANLA.NS
TARACHAND,TARACHAND.NS
TARAPUR,TARAPUR.NS
TARC,TARC.NS
TARIL,TARIL.NS
TARMAT,TARMAT.NS
TARSONS,TARSONS.NS
TASTYBITE,TASTYBITE.NS
TATACAP,TATACAP.NS
TATACHEM,TATACHEM.NS
TATACOMM,TATACOMM.NS
TATACONSUM,TATACONSUM.NS
TATAELXSI,TATAELXSI.NS
TATAINVEST,TATAINVEST.NS
TATAPOWER,TATAPOWER.NS
TATASTEEL,TATASTEEL.NS
TATATECH,TATATECH.NS
TATVA,TATVA.NS
TBOTEK,TBOTEK.NS
TBZ,TBZ.NS
TCI,TCI.NS
TCIEXP,TCIEXP.NS
TCIFINANCE,TCIFINANCE.NS
TCPLPACK,TCPLPACK.NS
TCS,TCS.NS
TDPOWERSYS,TDPOWERSYS.NS
TEAMGTY,TEAMGTY.NS
TEAMLEASE,TEAMLEASE.NS
TECHM,TECHM.NS
TECHNOE,TECHNOE.NS
TECILCHEM,TECILCHEM.NS
TEGA,TEGA.NS
TEJASNET,TEJASNET.NS
TEMBO,TEMBO.NS
TENNIND,TENNIND.NS
TERASOFT,TERASOFT.NS
TEXINFRA,TEXINFRA.NS
TEXMOPIPES,TEXMOPIPES.NS
TEXRAIL,TEXRAIL.NS
TFCILTD,TFCILTD.NS
TFL,TFL.NS
TGBHOTELS,TGBHOTELS.NS
THANGAMAYL,THANGAMAYL.NS
THEINVEST,THEINVEST.NS
THEJO,THEJO.NS
THELEELA,THELEELA.NS
THEMISMED,THEMISMED.NS
THERMAX,THERMAX.NS
THOMASCOOK,THOMASCOOK.NS
THOMASCOTT,THOMASCOTT.NS
THYROCARE,THYROCARE.NS
TI,TI.NS
TICL,TICL.NS
TIGERLOGS,TIGERLOGS.NS
TIIL,TIIL.NS
TIINDIA,TIINDIA.NS
TIJARIA,TIJARIA.NS
TIL,TIL.NS
TIMETECHNO,TIMETECHNO.NS
TIMKEN,TIMKEN.NS
TINNARUBR,TINNARUBR.NS
TIPSFILMS,TIPSFILMS.NS
TIPSMUSIC,TIPSMUSIC.NS
TIRUMALCHM,TIRUMALCHM.NS
TIRUPATIFL,TIRUPATIFL.NS
TITAGARH,TITAGARH.NS
TITAN,TITAN.NS
TMB,TMB.NS
TMCV,TMCV.NS
TMPV,TMPV.NS
TNPETRO,TNPETRO.NS
TNPL,TNPL.NS
TNTELE,TNTELE.NS
TOKYOPLAST,TOKYOPLAST.NS
TOLINS,TOLINS.NS
TORNTPHARM,TORNTPHARM.NS
TORNTPOWER,TORNTPOWER.NS
TOTAL,TOTAL.NS
TOUCHWOOD,TOUCHWOOD.NS
TPHQ,TPHQ.NS
TPLPLASTEH,TPLPLASTEH.NS
TRACXN,TRACXN.NS
TRANSRAILL,TRANSRAILL.NS
TRANSWORLD,TRANSWORLD.NS
TRAVELFOOD,TRAVELFOOD.NS
TREEHOUSE,TREEHOUSE.NS
TREJHARA,TREJHARA.NS
TREL,TREL.NS
TRENT,TRENT.NS
TRF,TRF.NS
TRIDENT,TRIDENT.NS
TRIGYN,TRIGYN.NS
TRITURBINE,TRITURBINE.NS
TRIVENI,TRIVENI.NS
TRU,TRU.NS
TRUALT,TRUALT.NS
TSFINV,TSFINV.NS
TTKHLTCARE,TTKHLTCARE.NS
TTKPRESTIG,TTKPRESTIG.NS
TTL,TTL.NS
TTML,TTML.NS
TVSELECT,TVSELECT.NS
TVSHLTD,TVSHLTD.NS
TVSMOTOR,TVSMOTOR.NS
TVSSCS,TVSSCS.NS
TVSSRICHAK,TVSSRICHAK.NS
TVTODAY,TVTODAY.NS
TVVISION,TVVISION.NS
UBL,UBL.NS
UCAL,UCAL.NS
UCOBANK,UCOBANK.NS
UDS,UDS.NS
UFBL,UFBL.NS
UFLEX,UFLEX.NS
UFO,UFO.NS
UGARSUGAR,UGARSUGAR.NS
UGROCAP,UGROCAP.NS
UJJIVANSFB,UJJIVANSFB.NS
ULTRACEMCO,ULTRACEMCO.NS
UMAEXPORTS,UMAEXPORTS.NS
UMESLTD,UMESLTD.NS
UMIYA-MRO,UMIYA-MRO.NS
UNICHEMLAB,UNICHEMLAB.NS
UNIDT,UNIDT.NS
UNIECOM,UNIECOM.NS
UNIENTER,UNIENTER.NS
UNIINFO,UNIINFO.NS
UNIMECH,UNIMECH.NS
UNIONBANK,UNIONBANK.NS
UNIPARTS,UNIPARTS.NS
UNITDSPR,UNITDSPR.NS
UNITECH,UNITECH.NS
UNITEDPOLY,UNITEDPOLY.NS
UNITEDTEA,UNITEDTEA.NS
UNIVASTU,UNIVASTU.NS
UNIVCABLES,UNIVCABLES.NS
UNIVPHOTO,UNIVPHOTO.NS
UNOMINDA,UNOMINDA.NS
UPL,UPL.NS
URAVIDEF,URAVIDEF.NS
URBANCO,URBANCO.NS
URJA,URJA.NS
USHAMART,USHAMART.NS
USK,USK.NS
UTIAMC,UTIAMC.NS
UTKARSHBNK,UTKARSHBNK.NS
UTLSOLAR,UTLSOLAR.NS
UTTAMSUGAR,UTTAMSUGAR.NS
UYFINCORP,UYFINCORP.NS
V2RETAIL,V2RETAIL.NS
VADILALIND,VADILALIND.NS
VAIBHAVGBL,VAIBHAVGBL.NS
VAISHALI,VAISHALI.NS
VAKRANGEE,VAKRANGEE.NS
VALIANTLAB,VALIANTLAB.NS
VALIANTORG,VALIANTORG.NS
VARDHACRLC,VARDHACRLC.NS
VARDMNPOLY,VARDMNPOLY.NS
VARROC,VARROC.NS
VASCONEQ,VASCONEQ.NS
VASWANI,VASWANI.NS
VBL,VBL.NS
VCL,VCL.NS
VEDL,VEDL.NS
VEEDOL,VEEDOL.NS
VENKEYS,VENKEYS.NS
VENTIVE,VENTIVE.NS
VENUSPIPES,VENUSPIPES.NS
VENUSREM,VENUSREM.NS
VERANDA,VERANDA.NS
VERTOZ,VERTOZ.NS
VESUVIUS,VESUVIUS.NS
VETO,VETO.NS
VGL,VGL.NS
VGUARD,VGUARD.NS
VHL,VHL.NS
VHLTD,VHLTD.NS
VIDHIING,VIDHIING.NS
VIDYAWIRES,VIDYAWIRES.NS
VIJAYA,VIJAYA.NS
VIJIFIN,VIJIFIN.NS
VIKASECO,VIKASECO.NS
VIKASLIFE,VIKASLIFE.NS
VIKRAMSOLR,VIKRAMSOLR.NS
VIKRAN,VIKRAN.NS
VIMTALABS,VIMTALABS.NS
VINATIORGA,VINATIORGA.NS
VINCOFE,VINCOFE.NS
VINDHYATEL,VINDHYATEL.NS
VINEETLAB,VINEETLAB.NS
VINNY,VINNY.NS
VINYLINDIA,VINYLINDIA.NS
VIPCLOTHNG,VIPCLOTHNG.NS
VIPIND,VIPIND.NS
VIPULLTD,VIPULLTD.NS
VIRINCHI,VIRINCHI.NS
VISAKAIND,VISAKAIND.NS
VISASTEEL,VISASTEEL.NS
VISHNU,VISHNU.NS
VISHWARAJ,VISHWARAJ.NS
VIVIDHA,VIVIDHA.NS
VIVIMEDLAB,VIVIMEDLAB.NS
VLEGOV,VLEGOV.NS
VLSFINANCE,VLSFINANCE.NS
VMART,VMART.NS
VMM,VMM.NS
VMSTMT,VMSTMT.NS
VOLTAMP,VOLTAMP.NS
VOLTAS,VOLTAS.NS
VPRPL,VPRPL.NS
VRAJ,VRAJ.NS
VRLLOG,VRLLOG.NS
VSSL,VSSL.NS
VSTIND,VSTIND.NS
VSTL,VSTL.NS
VSTTILLERS,VSTTILLERS.NS
VTL,VTL.NS
WAAREEENER,WAAREEENER.NS
WAAREEINDO,WAAREEINDO.NS
WAAREERTL,WAAREERTL.NS
WABAG,WABAG.NS
WAKEFIT,WAKEFIT.NS
WALCHANNAG,WALCHANNAG.NS
WANBURY,WANBURY.NS
WCIL,WCIL.NS
WEALTH,WEALTH.NS
WEBELSOLAR,WEBELSOLAR.NS
WEIZMANIND,WEIZMANIND.NS
WEL,WEL.NS
WELCORP,WELCORP.NS
WELENT,WELENT.NS
WELINV,WELINV.NS
WELSPUNLIV,WELSPUNLIV.NS
WENDT,WENDT.NS
WESTLIFE,WESTLIFE.NS
WEWIN,WEWIN.NS
WEWORK,WEWORK.NS
WHEELS,WHEELS.NS
WHIRLPOOL,WHIRLPOOL.NS
WILLAMAGOR,WILLAMAGOR.NS
WINDLAS,WINDLAS.NS
WINDMACHIN,WINDMACHIN.NS
WINSOME,WINSOME.NS
WIPL,WIPL.NS
WIPRO,WIPRO.NS
WOCKPHARMA,WOCKPHARMA.NS
WONDERLA,WONDERLA.NS
WORTHPERI,WORTHPERI.NS
WSI,WSI.NS
WSTCSTPAPR,WSTCSTPAPR.NS
XCHANGING,XCHANGING.NS
XELPMOC,XELPMOC.NS
XPROINDIA,XPROINDIA.NS
XTGLOBAL,XTGLOBAL.NS
YASHO,YASHO.NS
YATHARTH,YATHARTH.NS
YATRA,YATRA.NS
YESBANK,YESBANK.NS
YUKEN,YUKEN.NS
ZAGGLE,ZAGGLE.NS
ZEEL,ZEEL.NS
ZEELEARN,ZEELEARN.NS
ZEEMEDIA,ZEEMEDIA.NS
ZENITHEXPO,ZENITHEXPO.NS
ZENITHSTL,ZENITHSTL.NS
ZENSARTECH,ZENSARTECH.NS
ZENTEC,ZENTEC.NS
ZFCVINDIA,ZFCVINDIA.NS
ZIMLAB,ZIMLAB.NS
ZODIAC,ZODIAC.NS
ZODIACLOTH,ZODIACLOTH.NS
ZOTA,ZOTA.NS
ZUARI,ZUARI.NS
ZUARIIND,ZUARIIND.NS
ZYDUSLIFE,ZYDUSLIFE.NS
ZYDUSWELL,ZYDUSWELL.NS
